provid,permid,orbit_class,population,ssObjectId,diaSourceId,phaseAngle,helioRange,topoRange,ephRa,ephDec,visit,detector,midpointMjdTai,band,ra,dec,snr,psfFlux,psfFluxErr,psfFlux_flag,trailFlux,trailFluxErr,scienceFlux,scienceFluxErr,forced_PsfFlux_flag,templateFlux,templateFluxErr,psfMag,psfMagErr,trailMag,trailMagErr,scienceMag,scienceMagErr,templateMag,templateMagErr
2011 BT126,541202,MBO,MBO,21164710888158804,745262192030384209,19.456156,3.015634,2.7285352,150.60359778003132,2.756863148041166,2025051500123,144,60811.04255635306,i,150.60359453267404,2.7568623437211937,23.575090408325195,7585.55,315.809,False,7876.06,0.737174,7680.25,314.21,False,126.574,10.3816,21.70003233960303,0.04520242613643554,21.659227452063462,0.00010162142840213559,21.686561607521035,0.04441901808138026,26.144138759161564,0.08905209299448096
2011 BT126,541202,MBO,MBO,21164710888158804,745262192164601940,19.45617,3.0156348,2.7285423,150.6036627540074,2.756843766321056,2025051500124,144,60811.0430310299,i,150.60366335474998,2.756840577985022,28.121545791625977,8284.99,288.718,False,8361.39,1.32207,8526.34,289.158,False,110.068,10.7281,21.60426999788214,0.03783608219788957,21.594303843934245,0.00017167233287205958,21.573093402971946,0.036821110095379736,26.295847304267383,0.10582445671876568
2011 BT126,541202,MBO,MBO,21164710888158804,745262192300392482,19.456184,3.0156355,2.7285497,150.60372841613358,2.7568241799475164,2025051500125,147,60811.04351116055,i,150.60373634917207,2.7568285655177642,25.18332862854004,7959.09,308.859,False,7926.08,1.3122,8071.76,307.202,False,89.2143,11.0594,21.64784148217496,0.042132883858739825,21.652353860627798,0.00017974875093247156,21.63257943048584,0.04132188503531997,26.523913794296867,0.1345926636890404
2011 BT126,541202,MBO,MBO,21164710888158804,745262192568827905,19.456215,3.015637,2.728564,150.60385797443857,2.7567855358214346,2025051500127,147,60811.04445870916,i,150.6038672037766,2.7567821300148134,19.07793617248535,7433.48,384.409,False,7285.99,1.32002,7394.41,380.559,False,27.6149,10.0885,21.722019559645073,0.056146887611249946,21.74377853797815,0.00019670537784303668,21.72774115866487,0.05587824657785443,27.797141289640603,0.3966499785597754
2011 BT126,541202,MBO,MBO,21164710888158804,745262192699375650,19.456228,3.0156376,2.7285712,150.60392351236018,2.7567659883857045,2025051500128,140,60811.0449378077,i,150.60391582158675,2.7567614102966376,15.84636402130127,7779.96,488.67,False,7373.32,1.4837,7930.94,490.834,False,20.9506,9.17792,21.672556595182797,0.06819658821151543,21.73084231946003,0.00021847782078886633,21.65168834722448,0.06719459035534829,28.09700885419972,0.4756331826251992
2011 BT126,541202,MBO,MBO,21164710888158804,745262192833069109,19.456244,3.0156384,2.7285786,150.6039886439943,2.7567465627703065,2025051500129,139,60811.04541385244,i,150.60399153818412,2.7567469140964,22.037763595581055,8074.71,362.702,False,8030.18,1.33298,8079.25,363.417,False,3.15222,9.34317,21.632182670828556,0.048769391140611615,21.638186775511357,0.00018022817102765544,21.631572382710612,0.0488380710885628,30.1534586958152,3.218118685193434
2011 BT126,541202,MBO,MBO,21164710888158804,745262192971481130,19.456259,3.015639,2.7285857,150.60405391672634,2.756727095718083,2025051500130,147,60811.04589065211,i,150.60406018199092,2.7567363222551386,19.303035736083984,8403.57,429.947,False,7993.01,2.73392,8503.97,430.962,False,3.37976,9.25984,21.58884040461124,0.05554889134742011,21.64322414105383,0.00037136399399579967,21.57594573633721,0.05502266205277011,30.077785337086322,2.974691537489279
2011 BT126,541202,MBO,MBO,21164710888158804,745262193102028856,19.456272,3.0156398,2.7285929,150.60411864629657,2.756707791304039,2025051500131,140,60811.046363020694,i,150.60411439170443,2.756705276815422,23.490718841552734,7989.69,335.069,False,7374.82,2.66723,7968.06,334.916,False,-5.45316,9.98035,21.643675185428766,0.04553324939079461,21.73062146390108,0.0003926750928029319,21.646618502783195,0.04563600272957004,nan,nan
2011 BT126,541202,MBO,MBO,21164710888158804,745262193236246645,19.456287,3.0156405,2.7286,150.6041839274595,2.756688323043531,2025051500132,140,60811.04684006958,i,150.60420980313683,2.756702727400052,13.643470764160156,8320.62,597.128,False,8797.05,19.5746,8344.46,598.095,False,-6.23356,10.655,21.599610763769356,0.07791768753663612,21.539157373136668,0.0024159067669366836,21.596504412163476,0.0778208975315376,nan,nan
2011 BT126,541202,MBO,MBO,21164710888158804,745262193372037158,19.456303,3.0156412,2.7286074,150.6042493498837,2.7566688133223547,2025051500133,143,60811.04731837158,i,150.60425640969112,2.7566650978200626,14.890932083129883,7430.08,495.872,False,7192.06,9.76926,7367.0,499.19,False,6.76881,10.6295,21.722516263949704,0.0724603487092476,21.75786673651335,0.0014747985459836028,21.731773325362788,0.07356979214116109,29.323719223686403,1.7050018777028222
2011 BT126,541202,MBO,MBO,21164710888158804,745262193506254873,19.456318,3.015642,2.7286146,150.60431409213402,2.756649507099749,2025051500134,143,60811.04779119583,i,150.60431713340546,2.7566528982867236,21.9005126953125,7813.17,356.277,False,7679.21,2.52676,7892.97,356.329,False,11.9696,11.3192,21.667931826231627,0.04950907895743921,21.686708644990986,0.0003572496307165354,21.65689884014654,0.049015680592034656,28.70480093155386,1.026739828982919
2011 BT126,541202,MBO,MBO,21164710888158804,745262193638899719,19.456333,3.0156426,2.728622,150.60438212408172,2.7566292206016585,2025051500135,140,60811.048288111924,i,150.60440024493155,2.7566292383607314,23.899606704711914,7856.52,327.61,False,7634.6,0.387266,7893.3,327.007,False,36.5032,11.521,21.6619244462826,0.04527424626325768,21.693034266174987,5.507409983507234e-05,21.65685350358183,0.04498034224420279,27.494172639405516,0.3426758896111405
2011 BT126,541202,MBO,MBO,21164710888158804,745262193773117451,19.456347,3.0156434,2.7286294,150.60444714894518,2.7566098314807204,2025051500136,140,60811.048763050516,i,150.60445939985996,2.756613523494779,19.40978240966797,7387.19,376.605,False,7257.26,11.7275,7546.92,377.049,False,88.4148,8.60245,21.72880183534854,0.055351723532825685,21.748068328868257,0.0017545150251056009,21.705575645384666,0.0542440845668158,26.53368754651269,0.10563832692816479
2011 BT126,541202,MBO,MBO,21164710888158804,745262193906810883,19.456362,3.015644,2.7286365,150.60451204119764,2.7565904825822534,2025051500137,139,60811.04923726723,i,150.60451286991136,2.7566062812892436,23.90545082092285,8756.95,360.907,False,8819.64,2.81021,8760.22,356.83,False,77.6082,11.7604,21.544117800780043,0.044747292351762814,21.536372897117218,0.0003459491374078395,21.543712501464256,0.04422528743087708,26.675230972034512,0.16452761245898767
2011 BT126,541202,MBO,MBO,21164710888158804,745262194041028624,19.456377,3.0156448,2.7286437,150.60457721161632,2.75657105143306,2025051500138,139,60811.04971380338,i,150.60457783757826,2.7565702824326643,17.93570899963379,7511.27,411.951,False,7012.65,1.77847,7684.71,413.054,False,103.354,7.99337,21.710716563667308,0.059546534997406746,21.78529460540366,0.0002753523044368355,21.685931297880142,0.058358437593679424,26.364181815796073,0.08397054376829724
2011 BT126,541202,MBO,MBO,21164710888158804,745262194175770689,19.45639,3.0156455,2.7286508,150.60464211256456,2.7565517013215213,2025051500139,140,60811.0501876124,i,150.60464980898405,2.7565556939310483,21.299205780029297,8011.36,370.444,False,7433.56,6.02747,8088.37,370.628,False,84.1995,9.35869,21.64073439924222,0.050204268659048853,21.72200786347431,0.0008803645187428201,21.630347460007005,0.049750966164277426,26.586726205255033,0.12067849240413772
2011 BT126,541202,MBO,MBO,21164710888158804,745262194309464132,19.456406,3.0156462,2.728658,150.60470701787787,2.7565323506057737,2025051500140,139,60811.050661436646,i,150.6047017270794,2.7565452937960924,15.468639373779297,7729.77,489.798,False,7327.92,16.0482,7750.5,487.413,False,59.1038,8.90866,21.67958356815837,0.06879783289549933,21.737548213005887,0.0023777705824204035,21.67667569849664,0.06827971546004914,26.97096145786099,0.16365198759859442
2011 BT126,541202,MBO,MBO,21164710888158804,745262194445254673,19.45642,3.015647,2.728665,150.60477206455252,2.75651295844997,2025051500141,142,60811.051136607966,i,150.6047685955609,2.7565102650837625,15.322888374328613,8127.39,527.6,False,8128.13,1.20886,8091.27,532.497,False,8.79157,9.12602,21.62512223109121,0.07048196105846427,21.62502341307544,0.0001614766410629044,21.6299582635883,0.07145371252006882,29.039833939894685,1.127040007069738
2011 BT126,541202,MBO,MBO,21164710888158804,745262194712641693,19.45645,3.0156484,2.7286797,150.60490271903697,2.7564740090047533,2025051500143,140,60811.05209077224,i,150.60491357150528,2.7564769901581365,15.484991073608398,8916.22,571.37,False,8210.77,16.9951,8703.92,573.326,False,-87.957,10.6175,21.524548093845976,0.06957624520659658,21.61404034486464,0.0022473162017823153,21.55071278309905,0.07151729206186652,nan,nan
2011 BT126,541202,MBO,MBO,21164710888158804,745262194846335021,19.456465,3.015649,2.728687,150.60496860084274,2.756454370064452,2025051500144,139,60811.0525717431,i,150.60498249019645,2.7564534770051243,16.313016891479492,8275.71,499.075,False,7832.28,3.72952,8288.45,500.013,False,-97.6051,9.99759,21.60548684617926,0.06547641377005134,21.66527951758738,0.0005169982547850848,21.603816669567195,0.06549864023878627,nan,nan
2011 BT126,541202,MBO,MBO,21164710888158804,745262195114770495,19.456493,3.0156505,2.7287014,150.60509928241407,2.7564154169506376,2025051500146,139,60811.05352545515,i,150.6051205927279,2.7564217906140795,20.320707321166992,8037.67,398.616,False,7889.44,2.29472,8185.04,403.239,False,-63.0354,8.34869,21.637174581715925,0.05384543335154908,21.657384563899726,0.0003157968792627802,21.617447979481234,0.05348919421592214,nan,nan
2011 BT126,541202,MBO,MBO,21164710888158804,745262195248988185,19.456509,3.0156512,2.7287092,150.60516874004145,2.7563947144724583,2025051500147,139,60811.05403220598,i,150.60515102748155,2.756375770503363,17.185792922973633,8829.84,507.317,False,8944.75,25.2251,8884.99,511.625,False,-43.1164,8.52277,21.535117934036375,0.062380793856644856,21.521079482944913,0.0030618858956178233,21.528357612994864,0.06252002209414391,nan,nan
2011 BT126,541202,MBO,MBO,21164710888158804,745262195517947934,19.456688,3.0156598,2.7287972,150.60596534226949,2.7561573424485037,2025051500149,140,60811.059844654694,z,150.6059768707693,2.756140713755446,5.657653331756592,6847.47,1167.47,False,7714.18,129.516,6443.45,1166.97,False,-85.3955,37.3059,21.811174620414878,0.18511426488756472,21.681775554446993,0.01822879607626341,21.87720381003644,0.19663712896852265,nan,nan
2011 BT126,541202,MBO,MBO,21164710888158804,745262195790053415,19.456717,3.0156612,2.7288117,150.60609616601414,2.756118370910646,2025051500151,147,60811.060798141785,z,150.6061016621311,2.7561128981599374,7.412274360656738,9077.97,1232.84,False,9672.21,94.5323,8837.39,1235.61,False,-224.207,20.3591,21.505028174716777,0.1474491572325109,21.43618571133211,0.010611550425902323,21.534189990377676,0.1518034792427701,nan,nan
2011 BT126,541202,MBO,MBO,21164710888158804,745262196188512285,19.45676,3.0156634,2.7288332,150.60629134043847,2.756060235943531,2025051500154,139,60811.06222199426,z,150.6062234469127,2.7562048771870846,6.039628028869629,5802.01,1056.29,False,7106.36,132.563,6007.1,1062.79,False,-232.095,17.4019,21.991053861380145,0.19766466870329275,21.770882009468234,0.020253470852015617,21.953337828114975,0.1920909598154817,nan,nan
2011 BT126,541202,MBO,MBO,21164710888158804,745262196322730021,19.456776,3.015664,2.7288406,150.6063566368756,2.7560407883261138,2025051500155,139,60811.062697028916,z,150.60634304263056,2.7560341334550817,8.035513877868652,8741.6,1075.88,False,10288.0,105.306,9086.3,1077.48,False,-279.642,17.2499,21.5460227233454,0.1336279314399004,21.36917261104963,0.01111338807476548,21.504032344080457,0.12874977161698864,nan,nan
2011 BT126,541202,MBO,MBO,21164710888158804,745262196591689810,19.456804,3.0156655,2.728855,150.60648724423228,2.7560018913439146,2025051500157,140,60811.06364981271,z,150.60648131029026,2.756049422327015,7.621499061584473,8113.87,1052.19,False,8410.0,77.0937,7998.57,1056.01,False,-80.397,23.613,21.626929871367324,0.1407960316307219,21.58801001050522,0.009952843941855291,21.642469149075065,0.143344163442558,nan,nan
2011 BT126,541202,MBO,MBO,21164710888158804,745262196861698080,19.456833,3.015667,2.7288694,150.6066178712461,2.755962991966584,2025051500159,143,60811.06460105517,z,150.60653601875447,2.755922700152313,5.960482597351074,8401.31,1403.67,False,10017.2,120.461,7875.15,1412.12,False,-40.8044,23.7725,21.58913253043118,0.18140212231093542,21.398134116740238,0.013056429423476745,21.65935292681698,0.19468706287169285,nan,nan
2011 BT126,541202,MBO,MBO,21164710888158804,745262196995915801,19.456848,3.0156677,2.7288766,150.60668305484407,2.755943582270924,2025051500160,143,60811.06507653877,z,150.606696752337,2.7559721631555893,9.496529579162598,7766.07,813.591,False,7392.16,9.45995,7781.62,815.627,False,63.5655,25.0277,21.67449677264883,0.11374417540280696,21.728071580991067,0.001389446451174533,21.672324935962592,0.11380095218173131,26.891946359503503,0.42748788536024274
2011 BT126,541202,MBO,MBO,21164710888158804,745262197128560654,19.456863,3.0156684,2.728884,150.6067505765766,2.755923477275328,2025051500161,140,60811.065568884645,z,150.60675961871837,2.755901429207708,12.203636169433594,9259.27,747.781,False,9162.67,29.5759,9164.27,745.018,False,37.6215,23.7829,21.483558184229437,0.08768433714472171,21.4949448956933,0.0035046143472543512,21.494755365540627,0.08826595713600215,27.461409786514572,0.6863617008112417
2011 BT126,541202,MBO,MBO,21164710888158804,745262197530689551,19.456905,3.0156705,2.7289057,150.6069465844205,2.755865120169555,2025051500164,139,60811.066996062786,z,150.60694707119333,2.7559211241249564,10.186887741088867,8680.34,839.943,False,9232.23,24.9696,8895.23,839.342,False,-80.9125,17.1405,21.553658178597907,0.1050600015698415,21.486733406360955,0.002936495093538851,21.52710698797495,0.10244860760378126,nan,nan
2011 BT126,541202,MBO,MBO,21164710888158804,745262197665431645,19.45692,3.0156713,2.728913,150.60701165578394,2.755845748366168,2025051500165,140,60811.06747001558,z,150.6070038108017,2.755851649681757,11.598716735839844,8236.72,701.135,False,8224.77,20.3424,8154.92,707.33,False,-72.3334,33.5907,21.610614279097554,0.09242121740175825,21.612190656760685,0.0026853615351025827,21.621450748011917,0.09417306553882815,nan,nan
2011 BT126,541202,MBO,MBO,21164710888158804,745262197934391309,19.45695,3.0156727,2.7289274,150.6071422254612,2.7558068803809213,2025051500167,141,60811.068421857584,z,150.60713974591886,2.7558265246870275,8.832016944885254,7694.01,895.09,False,8679.34,21.9028,7626.6,891.373,False,-27.3831,16.3178,21.684618167001016,0.1263101657365735,21.553783265722267,0.0027399160473329915,21.694172563336743,0.12689742615023036,nan,nan
2011 BT126,541202,MBO,MBO,21164710888158804,745262198202302540,19.456978,3.015674,2.728942,150.6072725407052,2.755768091797372,2025051500169,140,60811.06937062166,z,150.6072736898294,2.7557691521525625,8.88839054107666,7521.15,857.093,False,8126.26,68.1974,7740.98,855.894,False,74.3671,24.889,21.709289388526035,0.12372801128986653,21.625273247611275,0.009111742867359869,21.678010139258824,0.12004618096992306,26.721547832323026,0.36337153168942343
2011 BT126,541202,MBO,MBO,21164710888158804,745262198335996040,19.456993,3.0156748,2.728949,150.60733846128105,2.755748471817835,2025051500170,139,60811.069850944616,z,150.60734153543953,2.755759260248428,10.279966354370117,9357.91,894.166,False,9425.32,3.39928,9208.48,895.339,False,54.5658,23.7054,21.472052821783556,0.10374414800082096,21.464259704241115,0.0003915751742233637,21.48953007176152,0.10556594646290371,27.05769868854997,0.4716839425158962
2011 BT126,541202,MBO,MBO,21164710888158804,745262198738649111,19.457039,3.015677,2.7289717,150.60754353510418,2.755687441691129,2025051500173,139,60811.07134320839,z,150.60753387534646,2.7557178347844284,9.498800277709961,6556.2,687.086,False,7047.47,13.5951,6437.72,686.584,False,-6.9839,34.151,21.858369484004577,0.11378452795345925,21.779916877344814,0.0020944668462148054,21.87816975450573,0.11579395571186998,nan,nan
2011 BT126,541202,MBO,MBO,21164710888158804,745262198874439686,19.457054,3.0156777,2.7289793,150.6076116753545,2.7556671651689237,2025051500174,142,60811.071839933895,z,150.6076194776281,2.7556655496365625,12.486332893371582,10017.4,786.498,False,9461.47,26.8305,9877.24,788.435,False,-121.382,33.7285,21.398112418349207,0.08524460487721276,21.460103489714932,0.003078892149169855,21.4134109579662,0.08666716629697521,nan,nan
2011 BT126,541202,MBO,MBO,21164710888158804,745262199006560331,19.45707,3.0156784,2.728987,150.60768188217077,2.7556462747875123,2025051500175,138,60811.07235048553,z,150.60767857063257,2.7556329859678517,10.571873664855957,8623.08,800.38,False,7869.85,19.2296,8401.98,801.944,False,-146.207,31.2891,21.560843952025948,0.10077623552055813,21.6600838496553,0.0026529442934771696,21.589045830895316,0.10363028161729636,nan,nan
2011 BT126,541202,MBO,MBO,21164710888158804,745262199142875149,19.457083,3.0156791,2.7289944,150.60774742313123,2.7556267737581623,2025051500176,142,60811.07282756046,z,150.60778397194736,2.75563335107544,5.981273174285889,9172.77,1526.94,False,11405.9,18.4206,8804.0,1530.38,False,-83.0229,51.0262,21.49374879535555,0.18073646909235075,21.257176063726924,0.001753470801596719,21.538299915296722,0.18873114247378378,nan,nan
2011 BT126,541202,MBO,MBO,21164710888158804,745262199275520025,19.457098,3.0156798,2.7290018,150.6078157176732,2.7556064544665,2025051500177,139,60811.073324297315,z,150.6078296227145,2.7556066340368983,10.059353828430176,7820.02,761.835,False,7135.79,10.8195,7780.2,759.922,False,-86.0925,61.8397,21.66698033782326,0.10577362504731788,21.766394842424162,0.001646225963760262,21.67252306967201,0.10604801988365795,nan,nan
2011 BT126,541202,MBO,MBO,21164710888158804,745262199410262026,19.457117,3.0156808,2.7290106,150.60789514995284,2.7555828227654686,2025051500178,140,60811.07390261915,z,150.60791109496955,2.7555753522586808,11.552297592163086,7562.18,633.598,False,8394.59,3.73076,7482.1,635.427,False,-72.5071,45.2696,21.703382448478607,0.09096851652016148,21.590001296148856,0.00048252760224402056,21.71494121496062,0.09220754768003356,nan,nan
2011 BT126,541202,MBO,MBO,21164710888158804,745262199544479755,19.45713,3.0156815,2.7290177,150.60796015825022,2.7555634833856715,2025051500179,140,60811.07437529799,z,150.60795916362667,2.7555779613235973,13.050251007080078,7872.69,590.17,False,7798.55,4.98423,7772.6,588.275,False,-73.3792,94.233,21.659692131266652,0.0813913569791352,21.669965374804967,0.0006939186315962438,21.673584190716,0.0821747528930399,nan,nan
2011 BT126,541202,MBO,MBO,21164710888158804,745262199678697476,19.457146,3.0156822,2.7290256,150.60803039502767,2.755542589677176,2025051500180,140,60811.07488665495,z,150.60805348468,2.7555368010288643,6.220040798187256,6472.27,1018.47,False,6521.03,11.1499,6723.99,1024.17,False,293.362,43.7006,21.872358431229642,0.17085036892997554,21.864209540311187,0.0018564323399972577,21.830932314955348,0.16537479350511125,25.231490357377066,0.1617364324990229
2011 BT126,541202,MBO,MBO,21164710888158804,745279802480525345,19.531145,3.0215967,2.789243,151.20261698661795,2.580938778019576,2025051900259,164,60815.06939779273,y,151.20267360704688,2.581012937329982,5.156459808349609,8901.04,1741.98,False,8772.08,55.7344,9406.39,1694.4,False,254.526,161.299,21.526398113489854,0.21248424054476953,21.54224353102679,0.0068983476256962405,21.466442587719975,0.19557678563262523,25.38566961481258,0.6880560691075117
2011 BT126,541202,MBO,MBO,21164710888158804,745279803941191724,19.53122,3.0216048,2.7893267,151.20345371216936,2.580682374386793,2025051900270,134,60815.07487590716,y,151.20347345432057,2.580663126809076,5.046796798706055,10244.1,2002.22,False,12144.3,271.572,10139.7,1995.65,False,-523.727,197.246,21.373815518209234,0.2122082754928204,21.189068799867727,0.024279336605070444,21.384937214441198,0.21368969908345642,nan,nan
2011 BT126,541202,MBO,MBO,21164710888158804,745279804611756090,19.531254,3.0216084,2.7893648,151.2038371832093,2.58056491400476,2025051900275,133,60815.07738493587,y,151.20389684768932,2.580579098397286,5.506415843963623,9448.42,1652.55,False,10168.5,105.594,8536.72,1636.69,False,-898.595,201.751,21.46160203337932,0.1898977218437865,21.38185776758719,0.011274743642327207,21.571772442224617,0.20816116520950617,nan,nan
2011 BT126,541202,MBO,MBO,21164710888158804,745279804880191539,19.531267,3.0216098,2.7893803,151.2039912872137,2.5805177196373723,2025051900277,133,60815.07839298821,y,151.20401059984852,2.5805139316138734,6.6508612632751465,12158.7,1849.2,False,12262.8,27.6028,12315.5,1828.16,False,-758.13,162.65,21.18778212519431,0.16512812262599483,21.178525904294045,0.0024439247309707914,21.173869878597337,0.16117084464299022,nan,nan
2011 BT126,541202,MBO,MBO,21164710888158804,745284180532789290,19.538828,3.0229626,2.8032515,151.34949312318344,2.53702169992985,2025052000110,172,60815.997173178526,g,151.34950214764189,2.5370209814851323,13.681175231933594,3065.03,215.649,False,3017.33,2.37167,3436.09,215.782,False,324.089,10.0619,22.68391316542995,0.07639009302845633,22.70094294492455,0.0008534061327175694,22.55983864574511,0.06818282443832979,25.123339309073316,0.03370854805784598
2011 BT126,541202,MBO,MBO,21164710888158804,745284180667531295,19.538836,3.0229633,2.8032603,151.3495844732355,2.536993379208444,2025052000111,173,60815.99776202555,g,151.3496141629463,2.5370006970598404,11.442728996276855,2713.07,231.778,False,2822.4,16.7095,2886.47,230.824,False,219.377,8.78188,22.816347474765855,0.09275461362708892,22.773453628937624,0.006427901447461694,22.749082390776067,0.08682369185796905,25.547022272507974,0.04346310470461691
2011 BT126,541202,MBO,MBO,21164710888158804,745284180801224734,19.538843,3.0229645,2.803272,151.3497032808359,2.536956546477364,2025052000112,172,60815.99852844935,g,151.34969367377596,2.536944545930633,15.385709762573242,3173.45,199.674,False,3410.66,7.37792,3372.6,200.868,False,120.666,18.7503,22.646170866505106,0.06831470163729074,22.56790395834002,0.0023486583916064066,22.58008787937021,0.06466513952255827,26.196037705730262,0.16871263574820278
2011 BT126,541202,MBO,MBO,21164710888158804,745284180935966821,19.538849,3.0229652,2.8032792,151.34977711261445,2.536933657441657,2025052000113,173,60815.999004494544,g,151.3497885012886,2.5369357951502307,17.70035171508789,3168.39,177.053,False,3151.23,3.26021,3338.21,175.452,False,98.3153,8.10997,22.64790345203695,0.06067209277241974,22.65379975086873,0.0011232845887089108,22.5912158782425,0.05706488996201294,26.418447228227002,0.08956172793373005
2011 BT126,541202,MBO,MBO,21164710888158804,745284181071233059,19.538855,3.022966,2.8032873,151.34985978866774,2.536908026813255,2025052000114,175,60815.99953748862,g,151.3498800280479,2.5368880133084435,16.60433578491211,2449.03,146.514,False,2473.44,1.91317,2598.97,143.393,False,46.8852,7.00385,22.927514724123725,0.06495451693862876,22.91674657612854,0.0008398012332633237,22.8629968461044,0.059903338320740136,27.222410556073378,0.16219048694037916
2011 BT126,541202,MBO,MBO,21164710888158804,745284181203877925,19.538862,3.022967,2.803299,151.3499784573279,2.5368712385428114,2025052000115,172,60816.000302056374,g,151.34997085351426,2.536858458914945,19.507415771484375,2642.17,134.694,False,2602.95,0.738584,2681.75,133.427,False,27.1672,8.54695,22.84509813924918,0.05534926100626561,22.861335455772668,0.0003080763689447145,22.828954276763884,0.054019400284456585,27.814887796554903,0.3415785724871167
2011 BT126,541202,MBO,MBO,21164710888158804,745284181339668508,19.538868,3.0229678,2.803307,151.3500611417828,2.5368456060523754,2025052000116,175,60816.00083512574,g,151.35006784717606,2.5368363737765387,21.5854434967041,2912.21,133.706,False,2785.14,0.228576,2958.58,133.415,False,18.7813,5.92946,22.739443292499985,0.049848548026659875,22.787882465275075,8.910620406951259e-05,22.722291678594466,0.0489604758510096,28.21568589895801,0.3427786995409437
2011 BT126,541202,MBO,MBO,21164710888158804,745284181473361949,19.538876,3.022969,2.8033175,151.3501702036765,2.5368117969480046,2025052000117,174,60816.00153897185,g,151.35016734253102,2.5368079744735983,20.76399803161621,3066.7,144.442,False,3092.24,1.09944,3113.48,143.993,False,6.42916,7.14102,22.683321784306052,0.05113832877117428,22.674317019104635,0.0003860314184842931,22.66688480606723,0.05021339793537998,29.379614395021274,1.2059528175235563
2011 BT126,541202,MBO,MBO,21164710888158804,745284181742321689,19.538889,3.0229704,2.8033338,151.35033574740226,2.5367604796278527,2025052000119,175,60816.00260581951,g,151.35035550176778,2.5367679266329883,19.976228713989258,2864.24,141.684,False,2811.32,0.177626,2869.9,140.791,False,-15.0362,7.87564,22.75747648994337,0.05370759963852138,22.777724268043634,6.859943840380704e-05,22.75533312629905,0.05326383901991605,nan,nan
2011 BT126,541202,MBO,MBO,21164710888158804,745284181876539418,19.538895,3.0229714,2.8033438,151.35043675624698,2.536729168322633,2025052000120,175,60816.003256159864,g,151.3504362587292,2.5367242865555144,21.959346771240234,2983.89,133.494,False,2830.6,1.00656,2999.14,133.136,False,-19.9962,6.76129,22.713043016611024,0.048573934600257086,22.770303706708127,0.00038608724715897196,22.707508191088184,0.04819734399097656,nan,nan
2011 BT126,541202,MBO,MBO,21164710888158804,745284182010757171,19.5389,3.0229723,2.8033519,151.35051977060493,2.53670343545405,2025052000121,175,60816.003791225885,g,151.3505296234867,2.5367107416839585,23.59665870666504,3038.91,128.107,False,2778.35,1.92364,3051.36,128.122,False,-25.4461,10.3697,22.69320543576074,0.04576983397800463,22.790532575131472,0.0007517287358840247,22.68876633976199,0.0455884204533571,nan,nan
2011 BT126,541202,MBO,MBO,21164710888158804,745284182144974907,19.538906,3.022973,2.803359,151.3505942538517,2.5366803473834056,2025052000122,175,60816.00427132496,g,151.3505942481411,2.5366916581929884,20.022329330444336,2821.8,139.514,False,2791.36,0.194205,2777.25,139.138,False,-44.9796,11.4813,22.773684408388227,0.0536804190469747,22.78546033122751,7.55385878613254e-05,22.790962561397144,0.05439451420930101,nan,nan
2011 BT126,541202,MBO,MBO,21164710888158804,745284182277095457,19.538912,3.0229738,2.8033664,151.3506681193175,2.536657451112416,2025052000123,171,60816.00474765939,g,151.35067705794273,2.536651657742502,18.569026947021484,2810.36,150.437,False,2739.07,2.49041,2789.47,148.672,False,-59.18,7.79117,22.778095069769286,0.058118848598903504,22.805992144709556,0.0009871702188607536,22.786195773775386,0.05786711151159839,nan,nan
2011 BT126,541202,MBO,MBO,21164710888158804,745284182411313188,19.538918,3.0229743,2.8033736,151.35074229808788,2.5366344580344125,2025052000124,171,60816.00522575411,g,151.3507399159873,2.5366227295403885,17.90624237060547,2819.08,156.483,False,2800.94,0.0918469,2763.42,154.45,False,-62.9054,6.67942,22.774731468715935,0.06026762478406586,22.781740508372614,3.560287073430605e-05,22.796382789612238,0.06068276203122577,nan,nan
2011 BT126,541202,MBO,MBO,21164710888158804,745284182545530914,19.538927,3.0229757,2.803387,151.35087902458335,2.536592077967602,2025052000125,171,60816.00610655401,g,151.3508732777417,2.5365992760288187,19.127408981323242,2833.02,145.417,False,2899.55,1.68235,2763.52,143.997,False,-65.0469,9.76744,22.769375891318717,0.055730107335472345,22.744173476349346,0.0006299557918237114,22.796343462371283,0.0565737713775649,nan,nan
2011 BT126,541202,MBO,MBO,21164710888158804,745284182679748655,19.538935,3.0229766,2.8033977,151.35098906488605,2.536557970422188,2025052000126,171,60816.00681531953,g,151.35098599845446,2.536554776738126,20.9078369140625,2949.84,140.904,False,2798.12,0.525316,2909.62,139.603,False,-56.2184,7.12709,22.72550381668941,0.0518619915628026,22.782834115325265,0.0002038349235326753,22.74040927304967,0.052093408019677066,nan,nan
2011 BT126,541202,MBO,MBO,21164710888158804,745284182814490677,19.53894,3.0229776,2.8034058,151.35107179357504,2.5365323287358854,2025052000127,172,60816.0073481772,g,151.35107283847793,2.5365271960368645,19.14474868774414,2740.37,141.966,False,2707.77,0.488299,2711.22,141.098,False,-49.2788,6.34546,22.805476942404454,0.056247011594878916,22.81847056146091,0.0001957935542722839,22.81708811292169,0.056504162883864555,nan,nan
2011 BT126,541202,MBO,MBO,21164710888158804,745284182946086929,19.538946,3.0229785,2.8034158,151.35117253212812,2.5365011054858604,2025052000128,167,60816.00799732409,g,151.35118793017327,2.536497914744829,17.492876052856445,2932.44,164.736,False,2966.2,1.11732,2931.74,163.162,False,-39.651,7.2978,22.73192718450419,0.06099351897519895,22.71949894145885,0.00040897941230427743,22.73218637243544,0.0604251720869159,nan,nan
2011 BT126,541202,MBO,MBO,21164710888158804,745284183080304680,19.538952,3.0229793,2.803423,151.35124657627154,2.536478156405615,2025052000129,167,60816.0084747443,g,151.35125929819353,2.5364607514535686,17.18094253540039,2937.48,168.989,False,3199.91,2.61202,2957.28,168.353,False,-28.0862,5.83459,22.730062711291225,0.06246084228755253,22.63715562078189,0.0008862639188322951,22.722768873821447,0.061809142868747814,nan,nan
2011 BT126,541202,MBO,MBO,21164710888158804,745284183216619521,19.538958,3.02298,2.803432,151.35133832077008,2.5364497218122404,2025052000130,171,60816.00906569423,g,151.35133452489958,2.5364410644594404,12.614441871643066,2706.13,210.316,False,3007.5,8.36247,2721.55,211.636,False,-2.16268,5.69369,22.819128407340184,0.0843816443774635,22.704485909970295,0.0030189313666959773,22.812959186685273,0.08443014643515488,nan,nan
2011 BT126,541202,MBO,MBO,21164710888158804,745284183350837291,19.538963,3.0229807,2.8034391,151.35141206128677,2.536426867642108,2025052000131,171,60816.00954093928,g,151.35140788629988,2.5363930832997634,16.072429656982422,2997.02,185.416,False,2930.15,3.32264,3057.89,184.352,False,29.1591,9.33149,22.70827589009759,0.06717101094657625,22.732775402958215,0.0012311692578263636,22.686445391412132,0.06545613258978368,27.738064727460195,0.3474570960416463
2011 BT126,541202,MBO,MBO,21164710888158804,745284183753490498,19.538982,3.0229833,2.8034651,151.35167848480947,2.536344298937834,2025052000134,171,60816.01125654897,g,151.3516877458158,2.53634193822288,17.88895034790039,2949.65,164.132,False,2780.17,2.74967,3069.68,161.916,False,161.395,6.35089,22.725573819802992,0.06041532546841703,22.789821648804235,0.001073825120469565,22.68226726258461,0.05726918364197941,25.880274780764758,0.0427236977365597
2011 BT126,541202,MBO,MBO,21164710888158804,745284183884038160,19.538988,3.022984,2.8034725,151.35175192932195,2.5363215382496143,2025052000135,164,60816.011729216334,g,151.35175381173053,2.536307700708921,19.125211715698242,2786.66,145.773,False,2674.38,1.44986,2969.72,144.186,False,167.357,8.72088,22.78729007490363,0.05679595764609121,22.831942258119543,0.0005886095235475184,22.718211251212075,0.05271472293684465,25.84089032934027,0.05657710746372359
2011 BT126,541202,MBO,MBO,21164710888158804,745284184152473634,19.539,3.0229855,2.8034885,151.35191622048384,2.5362706253289558,2025052000137,164,60816.01278751195,g,151.35192357313926,2.5362675381298256,14.57321834564209,2755.14,185.172,False,2655.39,0.868475,2951.63,182.808,False,251.115,11.8195,22.799640862237112,0.0729719539353313,22.83967925541737,0.00035510219222552216,22.724845253580558,0.06724463111628375,25.40031833761068,0.05110351336353737
2011 BT126,541202,MBO,MBO,21164710888158804,745284184286691382,19.539005,3.0229864,2.8034976,151.3520080006848,2.536242184035447,2025052000138,164,60816.013378554475,g,151.35199724271905,2.536210719068425,14.864590644836426,2465.8,164.415,False,2485.8,0.305376,2788.24,165.357,False,284.832,8.27742,22.920105357886122,0.0723948849383213,22.911334519468234,0.0001333807085947076,22.786674620598568,0.064389749952445,25.263528048817093,0.03155226449483374
2011 BT126,541202,MBO,MBO,21164710888158804,745284184559321120,19.539017,3.022988,2.8035142,151.35217915084675,2.53618914893164,2025052000140,172,60816.014480708174,g,151.3521880967755,2.536192562704181,16.44632911682129,2940.69,180.93,False,2817.11,1.22005,3256.19,180.435,False,254.167,6.89015,22.72887690986035,0.06680141309994055,22.77549044544716,0.000470216775866099,22.61822567400052,0.060163815066084425,25.38720206102806,0.029432952225333132
2011 BT126,541202,MBO,MBO,21164710888158804,745284184693538845,19.539022,3.0229886,2.8035214,151.35225323853075,2.536166191750654,2025052000141,172,60816.01495770269,g,151.3522506136246,2.5361636606011464,17.614412307739258,2680.88,149.855,False,2626.26,1.38599,2909.3,148.853,False,214.268,7.91088,22.82930661051124,0.06069014705521715,22.851655698266317,0.0005729895526241049,22.740528714388,0.055551192770928105,25.57260668308307,0.04008591440911308
2011 BT126,541202,MBO,MBO,21164710888158804,745284189521182753,19.539524,3.0230598,2.8042598,151.35980320236686,2.5338300922430865,2025052000177,164,60816.06343342403,r,151.35979310677047,2.53383055191515,23.349515914916992,5615.65,238.571,False,5479.71,2.49504,5627.63,238.87,False,-4.15788,12.809,22.0264999383689,0.04612559110379935,22.05310606989213,0.0004943610545734435,22.024186182294468,0.04608508507661732,nan,nan
2011 BT126,541202,MBO,MBO,21164710888158804,745284189659070484,19.53953,3.0230606,2.804267,151.35987772778583,2.533807076211617,2025052000178,171,60816.0639107544,r,151.35989362691376,2.533805536315185,19.226408004760742,5159.04,266.824,False,5000.62,0.676963,5288.51,268.872,False,21.1982,6.54962,22.118577753937377,0.05615395121406076,22.152440340773225,0.00014698241226429343,22.091666723382573,0.05519968532836319,28.084252525174684,0.33546054146867965
2011 BT126,541202,MBO,MBO,21164710888158804,745284189793288208,19.539534,3.0230613,2.8042743,151.35995194591212,2.5337841561178536,2025052000179,171,60816.06438575081,r,151.35996673568752,2.5337758593683155,18.309967041015625,5260.07,282.882,False,5106.79,3.89003,5370.58,284.38,False,61.3862,7.58339,22.097521227034072,0.058389950491124415,22.129629993480904,0.0008270452232344255,22.07494700869197,0.057491306845639537,26.92982312583893,0.13412723609664806
2011 BT126,541202,MBO,MBO,21164710888158804,745284189923835935,19.53958,3.0230682,2.804344,151.36066626593862,2.5335636131311285,2025052000180,164,60816.06895572477,r,151.36065356343468,2.5335653301008287,11.383920669555664,4804.81,421.161,False,4991.84,5.08884,6313.25,426.268,False,1429.62,7.00439,22.195809439934003,0.09516916419567105,22.154348392093823,0.0011068339549371263,21.899367531484906,0.07330845544868796,23.511948465700048,0.005319539166889537
2011 BT126,541202,MBO,MBO,21164710888158804,745284190192271403,19.539589,3.0230696,2.8043597,151.36082623363535,2.5335142374877297,2025052000182,164,60816.06997807289,r,151.36081573738392,2.53349677014548,14.924932479858398,5054.04,331.344,False,4704.75,1.28945,6199.61,333.089,False,1102.53,9.32053,22.140903304598318,0.0711811081604281,22.218658622677413,0.0002975721564081187,21.91908909865566,0.05833379567728007,23.79402393235933,0.009178558889134767
2011 BT126,541202,MBO,MBO,21164710888158804,745284190462279693,19.539598,3.023071,2.8043747,151.3609804388458,2.5334666453206984,2025052000184,167,60816.070964540704,r,151.3609914636203,2.53345987654479,15.422049522399902,4894.2,312.997,False,4782.91,0.785441,5721.72,314.73,False,851.149,7.56652,22.175795674944585,0.06943569355395557,22.20076944245281,0.00017829766446259652,22.00618345620816,0.05972220850038747,24.074986033722315,0.009651947035958588
2011 BT126,541202,MBO,MBO,21164710888158804,745284190596497418,19.539604,3.0230718,2.8043823,151.36106020918305,2.533442027772723,2025052000185,167,60816.071474644064,r,151.3610683829056,2.533450532098496,16.16849136352539,4945.83,302.511,False,4847.19,0.216252,5564.55,305.146,False,604.494,6.92636,22.164402021493792,0.06640889901297488,22.18627490433021,4.843891567188556e-05,22.036424915362204,0.059539058382922144,24.4465199802733,0.012440486969004684
2011 BT126,541202,MBO,MBO,21164710888158804,745284190713413677,19.539608,3.0230725,2.8043902,151.36113967274596,2.533417506175633,2025052000186,134,60816.07198260975,r,151.36113234150775,2.5334272494405954,13.197221755981445,5351.69,398.118,False,5747.42,22.4785,5425.49,399.944,False,318.477,12.2474,22.078772640117133,0.08076909229736023,22.001317677476017,0.004246378724368921,22.06390253472864,0.08003584232621515,25.142304850922045,0.04175323910497487
2011 BT126,541202,MBO,MBO,21164710888158804,745284190847107117,19.539614,3.0230732,2.804398,151.36121945540054,2.5333928874006344,2025052000187,133,60816.072492731924,r,151.36118498957143,2.5333971418707155,10.188063621520996,5660.81,545.389,False,5811.9,20.3288,5986.88,551.843,False,446.387,5.85437,22.017803542698662,0.10460491553873731,21.989204685278686,0.0037976762760609344,21.956998637980963,0.10007816346000871,24.775721170331543,0.014239441753787788
2011 BT126,541202,MBO,MBO,21164710888158804,745284190981324852,19.539618,3.023074,2.8044052,151.36129392476474,2.5333699093354705,2025052000188,133,60816.07296889353,r,151.36126494130536,2.5333464624835407,10.805920600891113,4810.06,443.093,False,5209.47,42.1859,5293.97,447.922,False,350.574,8.51712,22.194623752437032,0.10001581940053954,22.10801610176504,0.008792210887857255,22.090546266183857,0.0918639715356156,25.038050724373843,0.026377728529038687
2011 BT126,541202,MBO,MBO,21164710888158804,745284191115542575,19.539623,3.0230749,2.8044133,151.3613776310744,2.5333440825005646,2025052000189,133,60816.073503021646,r,151.36140334716896,2.5333010057896614,11.702340126037598,5279.35,447.886,False,5185.68,5.21186,5360.12,452.448,False,214.036,13.2107,22.093548842516682,0.09211096479018031,22.112985679086606,0.0010912175644544745,22.07706369477591,0.09164704549710444,25.57378295768741,0.06701365948240653
2011 BT126,541202,MBO,MBO,21164710888158804,745284191266013206,19.539627,3.0230756,2.8044212,151.36145711930888,2.5333195584506933,2025052000190,164,60816.07401194263,r,151.36147344776404,2.53330575595988,6.167684555053711,6116.1,963.871,False,6866.39,6.95699,6298.43,984.008,False,176.872,11.1574,21.933813538567858,0.1711073386567148,21.808178810821197,0.0011000621161592493,21.90191920214008,0.16962529976254215,25.780852320016333,0.06849017189331799
2011 BT126,541202,MBO,MBO,21164710888158804,745284191399182344,19.539633,3.0230763,2.8044298,151.36154584673034,2.533292185431669,2025052000191,162,60816.07457877447,r,151.36158862949233,2.5332295758916845,5.46221399307251,5945.52,1056.63,False,5892.15,70.8979,6730.53,1063.35,False,123.472,7.27474,21.964525385524873,0.19295561154724303,21.974315531978228,0.013064233239928558,21.82987687372149,0.17153442651253686,26.17107879166189,0.06396955446008629
2011 BT126,541202,MBO,MBO,21164710888158804,745284191533400085,19.539639,3.023077,2.8044372,151.36162080948498,2.5332690601824948,2025052000192,162,60816.07505704211,r,151.36161875175512,2.533201636993952,5.67960786819458,6024.58,1082.84,False,8022.36,60.1023,6122.75,1104.46,False,172.055,7.31968,21.950183046616637,0.19514697117546975,21.639244651344693,0.008134170348822403,21.932633682554325,0.19585189111030063,25.810831801358255,0.04619012614466414
2011 BT126,541202,MBO,MBO,21164710888158804,745284191652413451,19.539644,3.023078,2.8044467,151.36171815970803,2.533239030378819,2025052000193,133,60816.075679726535,r,151.36174284364128,2.5332145306813314,5.1224164962768555,6799.3,1295.9,False,8490.92,270.914,6821.93,1305.3,False,-8.10926,8.21536,21.818839522137957,0.20693389241099336,21.577613137360935,0.03464184593338201,21.815231825055392,0.207743480887057,nan,nan
2011 BT126,541202,MBO,MBO,21164710888158804,745284191802359809,19.539648,3.0230787,2.8044543,151.3617978312122,2.533214455442684,2025052000194,163,60816.07618805147,r,151.3618300860438,2.5332368735575073,11.063788414001465,4905.55,439.188,False,4975.25,3.95927,4900.51,440.449,False,-15.64,7.45432,22.173280776642514,0.09720465973379687,22.157962729058156,0.0008640214630239143,22.1743968525395,0.09758401759965515,nan,nan
2011 BT126,541202,MBO,MBO,21164710888158804,745284191920848959,19.539654,3.0230794,2.8044617,151.36187234300664,2.5331914732473706,2025052000195,133,60816.07666423876,r,151.36187375035948,2.533192333301931,15.317869186401367,5577.21,353.79,False,5319.03,5.37985,5446.92,351.024,False,1.07676,7.5576,22.033957514125156,0.06887361670966044,22.085418944346703,0.0010981509899703203,22.059622523696852,0.06996971805928796,31.31970266142173,7.620602135615725
2011 BT126,541202,MBO,MBO,21164710888158804,745284192055066630,19.539658,3.02308,2.8044693,151.36195218317647,2.5331668488891355,2025052000196,133,60816.07717479927,r,151.36194068627015,2.533179557479238,10.14317798614502,4514.38,446.446,False,4327.03,22.8785,4467.67,449.233,False,4.78267,7.62036,22.263504745141923,0.10737301996984973,22.309525288300577,0.005740662065513114,22.274797301740023,0.10917291179893517,29.70082395529326,1.7299334049178652
2011 BT126,541202,MBO,MBO,21164710888158804,745284192322977815,19.539667,3.0230815,2.8044844,151.36210593267998,2.533119433190401,2025052000198,132,60816.07815667415,r,151.3621002812415,2.533108116449203,14.488174438476562,5154.72,350.718,False,4801.5,1.29395,5097.78,352.507,False,-17.6624,7.98325,22.119487255362905,0.07387155856005491,22.196557667000462,0.00029259363126567624,22.131547322989327,0.07507770362829515,nan,nan
2011 BT126,541202,MBO,MBO,21164710888158804,745284192457719880,19.539673,3.0230823,2.8044918,151.3621801543151,2.533096545363406,2025052000199,133,60816.07863047651,r,151.36219481547758,2.533129623067532,12.646721839904785,4943.33,377.475,False,5354.17,7.03624,4937.17,382.693,False,-47.258,9.66652,22.16495097419085,0.08290732644608956,22.078269625008666,0.0014268319336790923,22.16630481367958,0.08415826162768188,nan,nan
2011 BT126,541202,MBO,MBO,21164710888158804,745284192591413272,19.539677,3.023083,2.8044994,151.36225970590817,2.533072015247744,2025052000200,132,60816.07913864023,r,151.3622796603839,2.5330501861856622,11.16883659362793,5250.21,473.094,False,5644.33,3.44939,5061.88,475.546,False,-65.948,15.3737,22.099558320983554,0.09783518783320932,22.020968992026397,0.0006635202910567962,22.13922041189673,0.10200113600346168,nan,nan
2011 BT126,541202,MBO,MBO,21164710888158804,745284192725631053,19.539682,3.0230837,2.8045073,151.36233957719287,2.533047387930741,2025052000201,132,60816.07964867999,r,151.3623681552547,2.5330410638289544,12.646615028381348,4905.76,378.332,False,5164.39,2.13142,4855.93,381.545,False,-79.3408,8.71915,22.17323430737359,0.0837319335308783,22.117452392474082,0.0004480993280014569,22.184318916699233,0.08530955343829048,nan,nan
2011 BT126,541202,MBO,MBO,21164710888158804,745284193145061389,19.539696,3.023086,2.804531,151.36258408605894,2.532972005303418,2025052000204,164,60816.08120964865,r,151.36261025702814,2.532974958710731,5.756286144256592,7051.47,1148.05,False,6127.35,115.644,7324.21,1170.42,False,-49.4052,12.9301,21.779300810491108,0.17676873969674048,21.931818261820492,0.020491545711211204,21.738098036004505,0.17350231946700886,nan,nan
2011 BT126,541202,MBO,MBO,21164710888158804,745284193949843477,19.539724,3.0230904,2.8045766,151.36305009068036,2.5328283716074065,2025052000210,163,60816.08418383806,r,151.36303740305638,2.5327730913928734,5.88003396987915,4467.12,766.466,False,4907.93,2.96901,4317.04,772.884,False,-17.2359,10.396,22.27493092387393,0.18629001857937447,22.172754061321736,0.000656806771558635,22.312034808482522,0.1943804326730937,nan,nan
2011 BT126,541202,MBO,MBO,21164710888158804,745284194084585495,19.53973,3.0230913,2.8045843,151.36313018325257,2.5328036900691098,2025052000211,164,60816.08469416469,r,151.36314386064572,2.5328313061890197,6.00110387802124,5115.62,847.748,False,nan,nan,4637.6,859.803,False,-42.2301,10.3122,22.12775428359467,0.17992553388486182,nan,nan,22.23426675873032,0.20129360080121442,nan,nan
2011 BT126,541202,MBO,MBO,21164710888158804,745297377897218070,19.541586,3.0274034,2.8490703,151.84948229231574,2.384787095656653,2025052300134,179,60819.02753780842,g,151.84948721911016,2.3847853076574115,21.342031478881836,2954.36,135.869,False,2961.88,1.19609,2943.72,131.477,False,-27.5152,46.1483,22.72384142393588,0.04993226641944139,22.721081394997427,0.00043845066311189553,22.727758764507122,0.048492840979324034,nan,nan
2011 BT126,541202,MBO,MBO,21164710888158804,745297378031435797,19.541586,3.027404,2.8490782,151.8495697342788,2.3847594629675903,2025052300135,179,60819.02806302253,g,151.84958240097663,2.38476288806261,22.742801666259766,3011.51,130.601,False,2848.08,0.142139,3016.8,127.34,False,-0.423135,50.5173,22.703039222418333,0.047085426036999105,22.76361951002572,5.418578729722108e-05,22.70113368393301,0.045829236972971275,nan,nan
2011 BT126,541202,MBO,MBO,21164710888158804,745297378165653516,19.541584,3.027405,2.8490863,151.84965668241406,2.3847319871983936,2025052300136,179,60819.028586217355,g,151.84965452116228,2.3847370348701773,23.1038761138916,2851.11,123.338,False,2663.5,0.335764,2880.0,120.339,False,21.8978,50.0684,22.762465025717617,0.046968557577136034,22.83636824719788,0.00013686920260990145,22.75151878060192,0.04536680755719323,28.048998765677293,2.482490247398955
2011 BT126,541202,MBO,MBO,21164710888158804,745297378299871265,19.541584,3.0274057,2.8490942,151.8497436354147,2.384704510761598,2025052300137,179,60819.02910952353,g,151.84975859121315,2.3846967849078142,21.558000564575195,2870.02,132.479,False,2823.98,0.933503,2874.05,127.394,False,13.1039,55.6163,22.7552876846967,0.05011715943876994,22.772845965936888,0.0003589040931934257,22.753764183284034,0.04812591036019817,28.60649857818987,4.608141793709106
2011 BT126,541202,MBO,MBO,21164710888158804,745297378567782418,19.541582,3.0274072,2.8491101,151.8499177223487,2.3846495033597503,2025052300139,178,60819.03015675932,g,151.84992019579533,2.384650915107083,23.467178344726562,2917.85,123.919,False,2883.07,0.108993,2980.84,119.237,False,57.8638,52.0434,22.737342558550697,0.04611043708991915,22.750362006644767,4.104570640029251e-05,22.714153304475204,0.04343068514225869,26.99398262158506,0.9765242404680705
2011 BT126,541202,MBO,MBO,21164710888158804,745297378969911336,19.54158,3.0274096,2.849134,151.85017897310064,2.384566960964557,2025052300142,177,60819.03172731136,g,151.85017980836136,2.384565197816938,21.727632522583008,2924.05,130.771,False,2682.91,1.15226,2902.37,127.923,False,-35.0297,42.4041,22.735037995373112,0.048556899717968546,22.828484775020346,0.0004663035217382647,22.743118015236067,0.04785420988229566,nan,nan
2011 BT126,541202,MBO,MBO,21164710888158804,745297379100459089,19.54158,3.0274103,2.849142,151.8502662884476,2.3845393754405046,2025052300143,170,60819.0322521672,g,151.8502649900041,2.3845202406522903,21.279621124267578,2915.34,135.674,False,2832.9,1.14082,2894.11,133.389,False,-32.6913,14.9058,22.738276938729754,0.05052795386806609,22.769421926413138,0.0004372302758556187,22.746212375046532,0.050041383865224415,nan,nan
2011 BT126,541202,MBO,MBO,21164710888158804,745297379234676779,19.54158,3.027411,2.84915,151.8503536088598,2.384511789247434,2025052300144,170,60819.03277742538,g,151.85037045004717,2.3844997928415608,22.128005981445312,3045.27,137.105,False,2822.73,0.311626,2999.98,133.056,False,-17.3221,22.1068,22.69093548270643,0.04888231807355835,22.77332666010659,0.00011986396824591563,22.707204108534977,0.048154893411206275,nan,nan
2011 BT126,541202,MBO,MBO,21164710888158804,745297379635232796,19.541578,3.0274134,2.849174,151.8506141034382,2.3844294996239417,2025052300147,166,60819.034343319145,g,151.85061637849464,2.384433973123457,22.865745544433594,2841.94,123.314,False,2769.78,0.646667,2849.32,119.09,False,-3.6826,36.7417,22.76596276059514,0.04711094546721141,22.79388680103557,0.00025348936407903507,22.763146907688636,0.04537935982847003,nan,nan
2011 BT126,541202,MBO,MBO,21164710888158804,745297379768926232,19.541576,3.027414,2.849182,151.85070111151236,2.384402015875583,2025052300148,165,60819.03486655337,g,151.85071129201393,2.3844049856224094,22.107486724853516,2985.19,132.741,False,2951.66,1.65064,2989.33,129.933,False,-2.01606,39.4965,22.71257007600972,0.0482789066923196,22.72483420757199,0.0006071700921342911,22.711065320135432,0.04719216585256641,nan,nan
2011 BT126,541202,MBO,MBO,21164710888158804,745297380171579422,19.541574,3.0274165,2.849206,151.85096349785962,2.384319140228385,2025052300151,165,60819.03644384879,g,151.85098012951005,2.3843333712797077,19.381591796875,2910.36,148.002,False,2751.7,3.1115,2948.26,145.681,False,8.62543,27.5068,22.740133177887163,0.055213486528350786,22.800997309680213,0.0012277022524158612,22.726085545734115,0.053648977789062344,29.060548099045384,3.4624509083173374
2011 BT126,541202,MBO,MBO,21164710888158804,745297380553261106,19.541573,3.0274186,2.8492298,151.85122476651097,2.384236626513283,2025052300154,125,60819.03801396572,g,151.85122140382333,2.384220260781209,21.622631072998047,2852.9,129.994,False,2659.84,1.08165,2809.62,126.891,False,-87.4592,37.3352,22.761783664637875,0.04947218641069534,22.837861181950828,0.0004415252599274011,22.778380990417105,0.04903515270839592,nan,nan
2011 BT126,541202,MBO,MBO,21164710888158804,745297380821172278,19.541573,3.0274203,2.8492458,151.85139952684233,2.3841814388660536,2025052300156,124,60819.039063642136,g,151.8513985292924,2.3841946173522324,20.8375244140625,2980.81,141.719,False,2882.94,1.60016,2890.35,137.614,False,-93.3935,10.7933,22.71416424235114,0.051620009264519325,22.750411012298244,0.0006026319256234534,22.74762387384262,0.05169356490058833,nan,nan
2011 BT126,541202,MBO,MBO,21164710888158804,745297381089607710,19.54157,3.0274217,2.8492618,151.85157397567554,2.38412635370223,2025052300158,124,60819.040111307746,g,151.85158751785977,2.384118182321174,21.67220115661621,2925.15,133.414,False,2855.66,1.45306,2974.57,130.401,False,-3.12343,29.8422,22.73462968284973,0.0495196541879694,22.76073378766052,0.0005524607032460434,22.716439491168074,0.04759716014188336,nan,nan
2011 BT126,541202,MBO,MBO,21164710888158804,745297381757026320,19.541567,3.0274255,2.849302,151.85201152452063,2.3839882087526707,2025052300163,117,60819.04273919154,g,151.85201123606967,2.383994580234585,23.360431671142578,2986.22,125.823,False,3011.19,0.408991,2886.44,122.731,False,-22.4075,45.6356,22.71219551116586,0.04574699309191805,22.703154622424613,0.00014746872649328233,22.749093686256273,0.04616534412615618,nan,nan
2011 BT126,541202,MBO,MBO,21164710888158804,745297381923749927,19.541565,3.0274267,2.8493135,151.8521385859704,2.38394809737344,2025052300164,179,60819.04350260107,g,151.8521431915349,2.3839631788549935,21.865571975708008,3312.35,152.817,False,3322.5,0.64405,3203.07,149.682,False,-50.6326,9.95653,22.599659417153916,0.05009100673803219,22.596337525963072,0.0002104645312121711,22.636083902193867,0.05073731468692849,nan,nan
2011 BT126,541202,MBO,MBO,21164710888158804,745297382057443377,19.541561,3.0274315,2.8493648,151.8526982629943,2.38377144365286,2025052300165,178,60819.04686286381,r,151.85269216184713,2.3837764611399903,24.643657684326172,4888.77,197.569,False,4776.09,0.232233,5028.76,193.887,False,122.055,51.5742,22.17700098149667,0.043877665679904254,22.202318780556297,5.27929304742718e-05,22.14634777759884,0.041861241774555843,26.183611059657082,0.45877658170667646
2011 BT126,541202,MBO,MBO,21164710888158804,745297382325878821,19.54156,3.0274332,2.8493807,151.85287254308702,2.38371644420851,2025052300167,178,60819.04790885035,r,151.85288344262088,2.38371426145984,25.995323181152344,5165.48,195.537,False,5137.36,0.761531,5253.04,192.228,False,103.823,66.1697,22.117223293209932,0.04110007276299307,22.12315002905914,0.00016094293464376437,22.098973222398456,0.039731068899210874,26.35926608590706,0.6919742347594519
2011 BT126,541202,MBO,MBO,21164710888158804,745297382460096567,19.541557,3.0274339,2.8493888,151.85296002493357,2.3836888383506425,2025052300168,178,60819.04843320498,r,151.85295959068418,2.383682880227392,26.106473922729492,5197.22,198.19,False,4749.35,0.0445654,5207.17,191.185,False,92.0965,71.1414,22.110572202523727,0.04140329872056539,22.208414538207464,1.0187976325240556e-05,22.108495625174804,0.03986358747079557,26.489392225920227,0.8386941955042577
2011 BT126,541202,MBO,MBO,21164710888158804,745297382728007714,19.541557,3.0274353,2.8494048,151.85313500590988,2.38363362468686,2025052300170,177,60819.04948372305,r,151.85313773621158,2.383634102598734,28.20513153076172,5028.2,175.349,False,4779.95,1.01014,5143.23,172.726,False,38.1478,64.8122,22.146468598552765,0.03786300252828572,22.20144157123834,0.0002294470574527963,22.12191013921894,0.03646247011354646,27.446326244659137,1.844639897768942
2011 BT126,541202,MBO,MBO,21164710888158804,745297382858555470,19.541555,3.0274363,2.849413,151.85322217173902,2.383606122056836,2025052300171,170,60819.05000675553,r,151.85322584311814,2.383600248317047,22.216842651367188,4966.23,221.003,False,4663.63,0.103589,5002.92,218.01,False,-39.4616,18.7014,22.159932931579167,0.0483165229758015,22.228189808910756,2.4116477661033503e-05,22.151941121247468,0.04731263896514287,nan,nan
2011 BT126,541202,MBO,MBO,21164710888158804,745297383126990895,19.541553,3.0274377,2.849429,151.85339768756106,2.383550746752909,2025052300173,170,60819.05105965396,r,151.85340726117263,2.3835435709864363,27.935077667236328,5558.67,197.147,False,5383.08,0.859924,5552.96,194.705,False,-109.486,43.7999,22.03757278484619,0.03850734834299889,22.072422899044682,0.00017344171488244885,22.03868864488269,0.03806947487872465,nan,nan
2011 BT126,541202,MBO,MBO,21164710888158804,745297383260684442,19.541553,3.0274384,2.849437,151.85348503752073,2.383523189609234,2025052300174,169,60819.051583761844,r,151.8534893242584,2.3835325868470716,26.312816619873047,5209.79,195.948,False,5301.79,1.47985,5381.29,194.489,False,-128.424,26.0742,22.1079494473721,0.04083616309567272,22.088943687868166,0.000303053642104276,22.072783999641345,0.03924035788285101,nan,nan
2011 BT126,541202,MBO,MBO,21164710888158804,745297383394902146,19.541552,3.0274394,2.8494449,151.8535723934182,2.3834956317979907,2025052300175,169,60819.05210794845,r,151.8535773353336,2.3834876389981856,23.21432876586914,5238.96,222.268,False,4853.69,1.47855,4551.15,217.746,False,-176.669,23.2274,22.10188730165182,0.04606342144053843,22.184819925715423,0.00033074119660234666,22.254697149484638,0.051946150555305964,nan,nan
2011 BT126,541202,MBO,MBO,21164710888158804,745297383529119890,19.541552,3.02744,2.849453,151.85365992188596,2.383468020762858,2025052300176,169,60819.05263225407,r,151.85365633574884,2.3834659824165323,23.199785232543945,5706.83,242.349,False,5306.93,0.282713,5306.57,239.541,False,-179.522,37.3586,22.00901264613387,0.04610739742107233,22.087891566055795,5.7839791584252424e-05,22.087965292298414,0.04901063120560467,nan,nan
2011 BT126,541202,MBO,MBO,21164710888158804,745297383663337585,19.54155,3.0274408,2.8494608,151.85374728950063,2.3834404616904745,2025052300177,169,60819.053156911876,r,151.8537406273903,2.383439487060404,23.24195671081543,5565.39,234.025,False,5739.92,1.42097,5813.02,236.679,False,-178.804,32.648,22.03626096498747,0.0456552734758537,22.002735416100187,0.0002687839823171264,21.988995453422298,0.04420610272634568,nan,nan
2011 BT126,541202,MBO,MBO,21164710888158804,745297383795458059,19.54155,3.0274415,2.849469,151.85383466311603,2.383412901952751,2025052300178,165,60819.05368098723,r,151.85383285466185,2.38339909452874,24.943439483642578,4811.22,193.586,False,4867.94,0.485727,4717.62,191.27,False,-125.972,58.4643,22.194361911265357,0.04368607504088218,22.18163697137853,0.00010833564281320567,22.21569258319767,0.04401981578937701,nan,nan
2011 BT126,541202,MBO,MBO,21164710888158804,745297384713486357,19.541544,3.027447,2.8495247,151.85444594519117,2.383220123816406,2025052300185,124,60819.05734536407,r,151.85445224865853,2.3832173142941855,26.818775177001953,4965.84,182.171,False,4886.06,0.335504,4818.29,178.624,False,-129.366,64.002,22.16001822811213,0.03983005132656177,22.177602997645323,7.455267235740108e-05,22.192767652514423,0.04025049023187359,nan,nan
2011 BT126,541202,MBO,MBO,21164710888158804,745297384876015663,19.541538,3.0274513,2.8495705,151.8549448649659,2.383062827471359,2025052300186,178,60819.060335375776,i,151.8549359750536,2.383086537039452,17.271743774414062,5987.89,349.282,False,6293.85,1.7888,5915.07,345.978,False,-91.2158,19.0545,21.956815441269406,0.06333251253119541,21.90270901252426,0.00030858137613368105,21.97010031098238,0.06350573169328257,nan,nan
2011 BT126,541202,MBO,MBO,21164710888158804,745297385010233383,19.541538,3.027452,2.8495786,151.8550321548718,2.383035311644402,2025052300187,178,60819.06085855108,i,151.85503574467225,2.3830205774928643,19.523778915405273,6815.71,342.453,False,7428.26,7.71223,6540.38,334.387,False,-113.412,19.2929,21.81622224757099,0.05455244220189214,21.72278229356215,0.0011272421560065107,21.860992564885862,0.05550993545460274,nan,nan
2011 BT126,541202,MBO,MBO,21164710888158804,745297385144451105,19.541536,3.0274527,2.8495865,151.85511995178288,2.3830076373354823,2025052300188,178,60819.06138473396,i,151.85512030563874,2.3829917409146515,22.247074127197266,6400.77,284.098,False,6193.12,5.08175,6256.19,276.348,False,-82.7569,46.8396,21.88441944194758,0.04819037000404177,21.92022624163366,0.0008908982488646881,21.90922518581506,0.04795906498607212,nan,nan
2011 BT126,541202,MBO,MBO,21164710888158804,745297385278668867,19.541536,3.0274537,2.8495946,151.85520742104285,2.3829800676462844,2025052300189,178,60819.06190884062,i,151.85521329167526,2.3829856258236135,23.40142250061035,6472.25,273.589,False,6025.34,1.09094,6288.4,263.799,False,-52.6012,91.9039,21.87236178955113,0.04589524058254702,21.95004613200598,0.00019658194963997574,21.903649619290757,0.04554674348327722,nan,nan
2011 BT126,541202,MBO,MBO,21164710888158804,745297385546579991,19.541534,3.027455,2.8496106,151.85538304628844,2.382924715886464,2025052300191,177,60819.06296078522,i,151.85537990269304,2.3829159173614145,23.873071670532227,5736.69,236.215,False,5324.82,2.18584,5721.16,230.895,False,-49.8206,78.6656,22.00334655595245,0.044706472940036275,22.08423770712748,0.00044569498805198794,22.00628973642307,0.04381822196718788,nan,nan
2011 BT126,541202,MBO,MBO,21164710888158804,745297385677127752,19.541533,3.0274558,2.8496187,151.8554712023331,2.382896933832151,2025052300192,170,60819.063488538115,i,151.85547640748533,2.3828878891416516,22.966772079467773,6266.56,271.978,False,5834.91,1.09568,6062.44,265.449,False,-99.569,36.5896,21.907426984261612,0.0471225609091238,21.98491456667517,0.00020387965045453224,21.943381376951542,0.047539868133770966,nan,nan
2011 BT126,541202,MBO,MBO,21164710888158804,745297385810821209,19.541533,3.0274565,2.8496268,151.8555591978578,2.382869203748693,2025052300193,169,60819.064015990574,i,151.85556925465056,2.3828719211188454,19.488725662231445,6767.44,340.962,False,6676.45,10.1609,6478.04,329.88,False,-131.789,23.4161,21.82393897436892,0.054702339015731176,21.838635965951138,0.0016523836479124454,21.871390930143807,0.0552887389345144,nan,nan
2011 BT126,541202,MBO,MBO,21164710888158804,745297385945563187,19.54153,3.0274575,2.849635,151.8556473667567,2.382841420422789,2025052300194,170,60819.06454344802,i,151.85564943081627,2.3828382953928138,23.807710647583008,6412.38,261.784,False,6132.07,3.53722,6228.79,255.782,False,-176.436,58.1057,21.88245189260297,0.04432494145850976,21.93098227148958,0.000626295513523316,21.913990770347716,0.044585188080774586,nan,nan
2011 BT126,541202,MBO,MBO,21164710888158804,745297386079256647,19.541529,3.0274582,2.8496428,151.85573504113927,2.382813794315993,2025052300195,169,60819.06506858168,i,151.85573799495873,2.3828157308063838,21.260425567626953,5847.0,268.714,False,5815.53,1.56716,5889.94,262.827,False,-130.126,38.9916,21.98266726540679,0.04989781201679393,21.98852678905871,0.0002925825203777526,21.974722834020717,0.04844884460971334,nan,nan
2011 BT126,541202,MBO,MBO,21164710888158804,745297386612457565,19.541525,3.0274613,2.849675,151.8560853018421,2.3827034414911337,2025052300199,162,60819.067165975925,i,151.85608864604413,2.382703342897035,28.029512405395508,6611.17,231.937,False,6012.61,2.0446,6587.6,227.922,False,-28.1476,61.1593,21.849304200886614,0.03809044348507958,21.9523424376343,0.0003692067680249545,21.85318193171434,0.03756499490126268,nan,nan
2011 BT126,541202,MBO,MBO,21164710888158804,745301782917808235,19.534866,3.0288343,2.8639038,152.01830261893986,2.3326458051677483,2025052400186,169,60820.0085868014,z,152.0182771952004,2.332646990574778,12.059807777404785,7084.16,583.072,False,6923.11,23.0204,7341.81,515.687,False,239.638,148.626,21.77427907247771,0.08936308464858414,21.79924694121616,0.0036102389298336185,21.73549213851078,0.07626185565658992,25.451110781923518,0.6733850079147615
2011 BT126,541202,MBO,MBO,21164710888158804,745301787613331532,19.534763,3.0288656,2.864231,152.02194842806878,2.331485564269409,2025052400221,165,60820.030088322615,r,152.02194199774485,2.331472074866741,17.930994033813477,4700.42,258.542,False,4442.42,4.75442,5003.49,248.02,False,108.815,28.6775,22.219658354306073,0.05971985610517271,22.2809509798822,0.0011619895922017815,22.151817358795146,0.0538192912405102,26.308278059656423,0.28613885093842556
